{
  "$schema":"https://schema.management.azure.com/schemas/2015-01-01/deploymentTemplate.json#",
  "contentVersion":"1.0.0.0",
  "parameters":{
    "templatesBaseURL":{
      "type":"string",
      "metadata":{
        "description":"Base template URL for nested template",
        "artifactsBaseUrl":""
      },
      "defaultValue":"https://raw.githubusercontent.com/PrestaShop/azure-template-high-performance/master"
    },
    "dnsNameForAnsiblePublicIP":{
      "type":"string",
      "metadata":{
        "description":"Dns Name for Jumpbox VM"
      }
    },
    "hcPublicIPAddressName":{
      "type":"string",
      "defaultValue":"hcPublicIP",
      "metadata":{
        "description":"Public IP address Name for Jumpbox VM"
      }
    },
    "scPublicIPAddressName":{
      "type":"string",
      "defaultValue":"scPublicIP",
      "metadata":{
        "description":"Public IP address Name for web-front scaleset load balancer VM"
      }
    },
    "dnsNameForFrontPublicIP":{
      "type":"string",
      "metadata":{
        "description":"Public IP address for web-front LB "
      }
    },
    "adminUserName":{
      "type":"string",
      "metadata":{
        "description":"Username for the Ansible Control Virtual Machine"
      },
      "defaultValue":"pr35745h0p"
    },
    "authenticationType":{
      "type":"string",
      "allowedValues":[
        "password",
        "sshPublicKey"
      ]
    },
    "adminPassword":{
      "type":"securestring",
      "defaultValue":"",
      "metadata":{
        "description":"Password for the Virtual Machine. Not used if authenticationType of sshPublicKey."
      }
    },
    "sshKeyData":{
      "type":"string",
      "metadata":{
        "description":"SSH RSA public key file as a string. Not used if authenticationType of password."
      }
    },
    "instanceCount":{
      "type":"int",
      "defaultValue":"2",
      "metadata":{
        "description":"Number of VM instances (100 or less)."
      },
      "maxValue":100
    },
    "hcVmSize":{
      "type":"string",
      "defaultValue":"Standard_DS1",
      "metadata":{
        "description":"Instance size for JumpBox VMs"
      }
    },
    "scVmSize":{
      "type":"string",
      "defaultValue":"Standard_DS1",
      "metadata":{
        "description":"Instance size for Web Front ScaleSet VMs"
      }
    },
    "bkVmSize":{
      "type":"string",
      "defaultValue":"Standard_DS1",
      "metadata":{
        "description":"Instance size for Web Front VMs Minimum Standard_A2"
      }
    },
    "numberOfBack":{
      "type":"int",
      "defaultValue":2,
      "metadata":{
        "description":"Number of Back nodes to create >=2"
      }
    },
    "hcStorageAccountName":{
      "type":"string",
      "metadata":{
        "description":"Storage Account Name for JumpBox VM"
      }
    },
    "hcStorageAccountType":{
      "type":"string",
      "defaultValue":"Premium_LRS",
      "metadata":{
        "description":"Storage Account type for Jumpbox VM"
      }
    },
    "scStorageAccountName":{
      "type":"string",
      "metadata":{
        "description":"Storage Account Name for Front Scale Set VMs"
      }
    },
    "scStorageAccountType":{
      "type":"string",
      "defaultValue":"Premium_LRS",
      "metadata":{
        "description":"Storage Account type for Front VMs"
      }
    },
    "bkStorageAccountName":{
      "type":"string",
      "metadata":{
        "description":"Storage Account Name for Back VMs"
      }
    },
    "bkStorageAccountType":{
      "type":"string",
      "defaultValue":"Premium_LRS",
      "metadata":{
        "description":"Storage Account type for Back VMs"
      }
    },
    "hcNetworkSecurityGroupName":{
      "type":"string",
      "metadata":{
        "description":"Network Security group for Jumpbox"
      },
      "defaultValue":"hcSecurityGroup"
    },
    "scNetworkSecurityGroupName":{
      "type":"string",
      "metadata":{
        "description":"Network Security group for web-front scaleset"
      },
      "defaultValue":"scSecurityGroup"
    },
    "bkNetworkSecurityGroupName":{
      "type":"string",
      "metadata":{
        "description":"Network Security group for Back"
      },
      "defaultValue":"bkSecurityGroup"
    },
    "shopSize":{
      "type":"string",
      "defaultValue":"Small",
      "allowedValues":[
        "Small",
        "Medium",
        "Large"
      ],
      "metadata":{
        "description":"T-shirt size of the PrestaShop cluster"
      }
    },
    "prestashop_firstname":{
      "type":"string",
      "metadata":{
        "description":"Prestatshop Admin Firstname"
      }
    },
    "prestashop_lastname":{
      "type":"string",
      "metadata":{
        "description":"Prestatshop Admin Lastname"
      }
    },
    "prestashop_email":{
      "type":"string",
      "metadata":{
        "description":"Prestatshop Admin email"
      }
    },
    "prestashop_password":{
      "type":"securestring",
      "metadata":{
        "description":"Prestatshop Admin Password"
      }
    },
    "hcSubnetPrefix":{
      "type":"string",
      "metadata":{
        "description":"Control VM Subnet Prefix"
      },
      "defaultValue":"10.0.0.0/24"
    },
    "scSubnetPrefix":{
      "type":"string",
      "metadata":{
        "description":"Front Subnet Prefix"
      },
      "defaultValue":"10.0.2.0/24"
    },
    "bkSubnetPrefix":{
      "type":"string",
      "metadata":{
        "description":"Back Subnet Prefix"
      },
      "defaultValue":"10.0.4.0/24"
    },
    "virtualNetworkName":{
      "type":"string",
      "metadata":{
        "description":"Virtual Network Name"
      },
      "defaultValue":"vnet-prestashop"
    },
    "addressPrefix":{
      "type":"string",
      "metadata":{
        "description":"Virtual Network address Prefix"
      },
      "defaultValue":"10.0.0.0/16"
    },
    "hcSubnetName":{
      "type":"string",
      "metadata":{
        "description":"Name of Jumpbox subnet"
      },
      "defaultValue":"hc-subnet"
    },
    "scSubnetName":{
      "type":"string",
      "metadata":{
        "description":"Name of Front ScaleSet subnet"
      },
      "defaultValue":"front-subnet"
    },
    "bkSubnetName":{
      "type":"string",
      "metadata":{
        "description":"Name of Back subnet"
      },
      "defaultValue":"back-subnet"
    },
    "location":{
      "type":"string",
      "metadata": {
        "description":"Deployment location"
      }
    }
  },
  "variables":{
    "configuration":{
      "sharTemplateURL":"[concat(parameters('templatesBaseURL'),'/nested/sharedRes.json')]",
      "jumpTemplateURL":"[concat(parameters('templatesBaseURL'),'/nested/jumpbox.json')]",
      "scfrTemplateURL":"[concat(parameters('templatesBaseURL'),'/nested/front-scaleset.json')]",
      "backTemplateURL":"[concat(parameters('templatesBaseURL'),'/nested/back.json')]"
    },
    "dnsserver":"8.8.8.8",
    "subnetCIDR":".0/24",
    "imagePublisher":"Canonical",
    "imageOffer":"UbuntuServer",
    "ubuntuOSVersion":"16.04.0-LTS",
    "hcOSDiskName":"hcosdisk",
    "keyStorageAccountName":"[concat('key', uniquestring(resourceGroup().id, deployment().name))]",
    "keyStorageAccountType":"Standard_LRS",
    "diagnosticsStorageAccountName": "[concat(uniqueString(resourceGroup().id),'diag')]",
    "diagnosticsStorageAccountType": "Standard_LRS",
    "hcNicName":"hcVnic",
    "apiVersion":{
      "resources":{
        "deployments":"2015-01-01"
      },
      "network":"2015-05-01-preview",
      "storage":"2015-05-01-preview",
      "compute":"2015-06-15",
      "deployment":"2016-02-01"
    },
    "scPublicIPAddressType":"Dynamic",
    "frLBName":"[concat('lb', resourceGroup().name)]",
    "hcVmName":"[concat('ans', resourceGroup().name)]",
    "scVmName":"[concat('web', resourceGroup().name)]",
    "bkVmName":"[concat('bdd', resourceGroup().name)]",
    "uniqScStorageAccountName":"[uniqueString(concat(resourceGroup().id, parameters('scStorageAccountName')))]",
    "bkAvailabilitySetName":"[concat('bkav', resourceGroup().name)]",
    "hcSubnetRoot":"[concat( split(parameters('hcSubnetPrefix'), '.')[0], '.', split(parameters('hcSubnetPrefix'), '.')[1], '.', split(parameters('hcSubnetPrefix'), '.')[2])]",
    "scSubnetRoot":"[concat( split(parameters('scSubnetPrefix'), '.')[0], '.', split(parameters('scSubnetPrefix'), '.')[1], '.', split(parameters('scSubnetPrefix'), '.')[2])]",
    "bkSubnetRoot":"[concat( split(parameters('bkSubnetPrefix'), '.')[0], '.', split(parameters('bkSubnetPrefix'), '.')[1], '.', split(parameters('bkSubnetPrefix'), '.')[2])]"
  },
  "resources":[
    {
      "comments":"OK: Shared resource deployment",
      "name":"SharedDeployment",
      "type":"Microsoft.Resources/deployments",
      "apiVersion":"[variables('apiVersion').deployment]",
      "dependsOn":[
      ],
      "properties":{
        "mode":"Incremental",
        "templateLink":{
          "uri":"[variables('configuration').sharTemplateURL]",
          "contentVersion":"1.0.0.0"
        },
        "parameters":{
          "diagnosticsStorageAccountName":{
            "value":"[variables('diagnosticsStorageAccountName')]"
          },
          "diagnosticsStorageAccountType":{
            "value":"[variables('diagnosticsStorageAccountType')]"
          },
          "keyStorageAccountName":{
            "value":"[variables('keyStorageAccountName')]"
          },
          "hcStorageAccountName":{
            "value":"[parameters('hcStorageAccountName')]"
          },
          "hcStorageAccountType":{
            "value":"[parameters('hcStorageAccountType')]"
          },
          "hcPublicIPAddressName":{
            "value":"[parameters('hcPublicIPAddressName')]"
          },
          "dnsNameForAnsiblePublicIP":{
            "value":"[parameters('dnsNameForAnsiblePublicIP')]"
          },
          "virtualNetworkName":{
            "value":"[parameters('virtualNetworkName')]"
          },
          "addressPrefix":{
            "value":"[parameters('addressPrefix')]"
          },
          "hcSubnetName":{
            "value":"[parameters('hcSubnetName')]"
          },
          "hcSubnetPrefix":{
            "value":"[parameters('hcSubnetPrefix')]"
          },
          "scSubnetName":{
            "value":"[parameters('scSubnetName')]"
          },
          "scSubnetPrefix":{
            "value":"[parameters('scSubnetPrefix')]"
          },
          "hcNetworkSecurityGroupName":{
            "value":"[parameters('hcNetworkSecurityGroupName')]"
          },
          "bkNetworkSecurityGroupName":{
            "value":"[parameters('bkNetworkSecurityGroupName')]"
          },
          "scNetworkSecurityGroupName":{
            "value":"[parameters('scNetworkSecurityGroupName')]"
          },
          "scStorageAccountName":{
            "value":"[parameters('scStorageAccountName')]"
          },
          "bkStorageAccountName":{
            "value":"[parameters('bkStorageAccountName')]"
          },
          "scStorageAccountType":{
            "value":"[parameters('scStorageAccountType')]"
          },
          "bkStorageAccountType":{
            "value":"[parameters('bkStorageAccountType')]"
          },
          "instanceCount":{
            "value":"[parameters('instanceCount')]"
          },
          "scPublicIPAddressName":{
            "value":"[parameters('scPublicIPAddressName')]"
          },
          "scPublicIPAddressType":{
            "value":"[variables('scPublicIPAddressType')]"
          },
          "frLBName":{
            "value":"[variables('frLBName')]"
          },
          "bkSubnetName":{
            "value":"[parameters('bkSubnetName')]"
          },
          "bkSubnetPrefix":{
            "value":"[parameters('bkSubnetPrefix')]"
          },
          "bkAvailabilitySetName":{
            "value":"[variables('bkAvailabilitySetName')]"
          },
          "dnsNameForFrontPublicIP":{
            "value":"[parameters('dnsNameForFrontPublicIP')]"
          },
          "uniqScStorageAccountName":{
            "value":"[variables('uniqScStorageAccountName')]"
          }
        }
      }
    },
    {
      "comments":"OK: Jumpbox resource deployment",
      "name":"JumpBoxDeployment",
      "type":"Microsoft.Resources/deployments",
      "apiVersion":"[variables('apiVersion').deployment]",
      "dependsOn":[
          "[concat('Microsoft.Resources/deployments/', 'SharedDeployment')]"
      ],
      "properties":{
        "mode":"Incremental",
        "templateLink":{
          "uri":"[variables('configuration').jumpTemplateURL]",
          "contentVersion":"1.0.0.0"
        },
        "parameters":{
          "adminUserName":{
            "value":"[parameters('adminUserName')]"
          },
          "adminPassword":{
            "value":"[parameters('adminPassword')]"
          },
          "sshKeyData":{
            "value":"[parameters('sshKeyData')]"
          },
          "authenticationType":{
            "value":"[parameters('authenticationType')]"
          },
          "hcStorageAccountName":{
            "value":"[parameters('hcStorageAccountName')]"
          },
          "dnsNameForAnsiblePublicIP":{
            "value":"[parameters('dnsNameForAnsiblePublicIP')]"
          },
          "hcPublicIPAddressName":{
            "value":"[parameters('hcPublicIPAddressName')]"
          },
          "virtualNetworkName":{
            "value":"[parameters('virtualNetworkName')]"
          },
          "hcSubnetName":{
            "value":"[parameters('hcSubnetName')]"
          },
          "hcSubnetPrefix":{
            "value":"[parameters('hcSubnetPrefix')]"
          },
          "scSubnetName":{
            "value":"[parameters('scSubnetName')]"
          },
          "scSubnetPrefix":{
            "value":"[parameters('scSubnetPrefix')]"
          },
          "bkSubnetName":{
            "value":"[parameters('bkSubnetName')]"
          },
          "bkSubnetPrefix":{
            "value":"[parameters('bkSubnetPrefix')]"
          },
          "numberOfBack":{
            "value":"[parameters('numberOfBack')]"
          },
          "prestashop_firstname":{
            "value":"[parameters('prestashop_firstname')]"
          },
          "prestashop_lastname":{
            "value":"[parameters('prestashop_lastname')]"
          },
          "prestashop_email":{
            "value":"[parameters('prestashop_email')]"
          },
          "prestashop_password":{
            "value":"[parameters('prestashop_password')]"
          },
          "dnsNameForFrontPublicIP":{
            "value":"[parameters('dnsNameForFrontPublicIP')]"
          },
          "bkVmSize":{
            "value":"[parameters('bkVmSize')]"
          },
          "hcVmSize":{
            "value":"[parameters('hcVmSize')]"
          },
          "keyStorageAccountName":{
            "value":"[variables('keyStorageAccountName')]"
          },
          "hcVmName":{
            "value":"[variables('hcVmName')]"
          },
          "scVmName":{
            "value":"[variables('scVmName')]"
          },
          "bkVmName":{
            "value":"[variables('bkVmName')]"
          },
          "shopSize":{
            "value":"[parameters('shopSize')]"
          },
          "diagnosticsStorageAccountName":{
            "value":"[variables('diagnosticsStorageAccountName')]"
          }
        }
      }
    },
    {
      "comments":"OK: Scale set FRONT deployment resource",
      "name":"FrontDeployment",
      "type":"Microsoft.Resources/deployments",
      "apiVersion":"[variables('apiVersion').deployment]",
      "dependsOn":[
        "[concat('Microsoft.Resources/deployments/', 'SharedDeployment')]",
        "[concat('Microsoft.Resources/deployments/', 'JumpBoxDeployment')]",
        "[concat('Microsoft.Resources/deployments/', 'BackDeployment')]"
      ],
      "properties":{
        "mode":"Incremental",
        "templateLink":{
          "uri":"[variables('configuration').scfrTemplateURL]",
          "contentVersion":"1.0.0.0"
        },
        "parameters":{
          "adminUserName":{
            "value":"[parameters('adminUserName')]"
          },
          "sshKeyData":{
            "value":"[parameters('sshKeyData')]"
          },
          "ubuntuOSVersion":{
            "value":"[variables('ubuntuOSVersion')]"
          },
          "hcSubnetRoot":{
            "value":"[variables('hcSubnetRoot')]"
          },
          "scVmSize":{
            "value":"[parameters('scVmSize')]"
          },
          "scPublicIPAddressName":{
            "value":"[parameters('scPublicIPAddressName')]"
          },
          "scStorageAccountName":{
            "value":"[parameters('scStorageAccountName')]"
          },
          "scStorageAccountType":{
            "value":"[parameters('scStorageAccountType')]"
          },
          "scSubnetRoot":{
            "value":"[variables('scSubnetRoot')]"
          },
          "scSubnetName":{
            "value":"[parameters('scSubnetName')]"
          },
          "scSubnetPrefix":{
            "value":"[parameters('scSubnetPrefix')]"
          },
          "virtualNetworkName":{
            "value":"[parameters('virtualNetworkName')]"
          },
          "scVmName":{
            "value":"[variables('scVmName')]"
          },
          "dnsNameForFrontPublicIP":{
            "value":"[parameters('dnsNameForFrontPublicIP')]"
          },
          "prestashop_firstname":{
            "value":"[parameters('prestashop_firstname')]"
          },
          "prestashop_lastname":{
            "value":"[parameters('prestashop_lastname')]"
          },
          "prestashop_email":{
            "value":"[parameters('prestashop_email')]"
          },
          "prestashop_password":{
            "value":"[parameters('prestashop_password')]"
          },
          "instanceCount":{
            "value":"[parameters('instanceCount')]"
          },
          "frLBName":{
            "value":"[variables('frLBName')]"
          },
          "templatesBaseURL":{
            "value":"[parameters('templatesBaseURL')]"
          },
          "keyStorageAccountName":{
            "value":"[variables('keyStorageAccountName')]"
          },
           "diagnosticsStorageAccountName":{
            "value":"[variables('diagnosticsStorageAccountName')]"
          },
          "uniqScStorageAccountName":{
            "value":"[variables('uniqScStorageAccountName')]"
          }
        }
      }
    },
    {
      "comments":"OK: BACK deployment resource",
      "name":"BackDeployment",
      "type":"Microsoft.Resources/deployments",
      "apiVersion":"[variables('apiVersion').deployment]",
      "dependsOn":[
        "[concat('Microsoft.Resources/deployments/', 'SharedDeployment')]"
      ],
      "properties":{
        "mode":"Incremental",
        "templateLink":{
          "uri":"[variables('configuration').backTemplateURL]",
          "contentVersion":"1.0.0.0"
        },
        "parameters":{
          "adminUserName":{
            "value":"[parameters('adminUserName')]"
          },
          "sshKeyData":{
            "value":"[parameters('sshKeyData')]"
          },
          "ubuntuOSVersion":{
            "value":"[variables('ubuntuOSVersion')]"
          },
          "bkVmSize":{
            "value":"[parameters('bkVmSize')]"
          },
          "numberOfBack":{
            "value":"[parameters('numberOfBack')]"
          },
          "bkAvailabilitySetName":{
            "value":"[variables('bkAvailabilitySetName')]"
          },
          "bkStorageAccountName":{
            "value":"[parameters('bkStorageAccountName')]"
          },
          "bkStorageAccountType":{
            "value":"[parameters('bkStorageAccountType')]"
          },
          "bkSubnetRoot":{
            "value":"[variables('bkSubnetRoot')]"
          },
          "bkSubnetName":{
            "value":"[parameters('bkSubnetName')]"
          },
          "bkSubnetPrefix":{
            "value":"[parameters('bkSubnetPrefix')]"
          },
          "virtualNetworkName":{
            "value":"[parameters('virtualNetworkName')]"
          },
          "bkVmName":{
            "value":"[variables('bkVmName')]"
          },
          "shopSize":{
            "value":"[parameters('shopSize')]"
          },
          "keyStorageAccountName":{
            "value":"[variables('keyStorageAccountName')]"
          },
           "diagnosticsStorageAccountName":{
            "value":"[variables('diagnosticsStorageAccountName')]"
          }
        }
      }
    }
  ],
  "outputs":{
    "Ansible FQDN":{
      "value":"[concat(parameters('dnsNameForAnsiblePublicIP'),'.',parameters('location'),'.cloudapp.azure.com')]",
      "type":"string"
    },
    "SHOP FQDN":{
      "value":"[concat(parameters('dnsNameForFrontPublicIP'),'.',parameters('location'),'cloudapp.azure.com')]",
      "type":"string"
    }
  }
}